institution,program,city,state,student_id,source_pdf,lat,lon
Northwestern McGaw/NMH/VA,Neurology,Chicago,IL,853ed0ff-360b-41c2-9971-390a9b69b303,VUSM_2025.pdf,41.8755616,-87.6244212
Northwestern McGaw/NMH/VA,Medicine-Prelim,Chicago,IL,853ed0ff-360b-41c2-9971-390a9b69b303,VUSM_2025.pdf,41.8755616,-87.6244212
UCLA Med Ctr-Harbor,Emergency Medicine,Torrance,CA,0e0624f3-9731-4869-a530-5193adfb796c,VUSM_2025.pdf,33.829443,-118.2947553
Emory Univ SOM,Interventional Radiology (Integrated),Atlanta,GA,32c0c082-e292-4083-9b66-bd3423db6918,VUSM_2025.pdf,33.7969409,-84.3237147
WellStar Health System,Transitional,Marietta,GA,32c0c082-e292-4083-9b66-bd3423db6918,VUSM_2025.pdf,33.9969914,-84.5266656
Boston Univ Med Ctr,Internal Medicine,Boston,MA,214b89b6-6bce-4a12-8e0b-b16c1e4976f1,VUSM_2025.pdf,42.335282,-71.07146
UPMC Medical Education,Internal Medicine,Pittsburgh,PA,eab8a4ef-2a6c-4977-a50f-016c7d84df6f,VUSM_2025.pdf,40.4223354,-79.9569709
Vanderbilt Univ Med Ctr,Internal Medicine / ABIM Research Path,Nashville,TN,350a3bb9-487b-4e8b-9b8d-2429d77e1563,VUSM_2025.pdf,36.1409238,-86.8016342
Vanderbilt Univ Med Ctr,Obstetrics-Gynecology,Nashville,TN,6b1663e5-708d-4cc4-ae99-1789d581b4ad,VUSM_2025.pdf,36.1409238,-86.8016342
Vanderbilt Univ Med Ctr,Obstetrics-Gynecology,Nashville,TN,d7ce3ff7-16d0-4b17-8c29-8bb39895199e,VUSM_2025.pdf,36.1409238,-86.8016342
Vanderbilt Univ Med Ctr,Pediatrics,Nashville,TN,895388ac-2429-4671-896e-97641a7f469b,VUSM_2025.pdf,36.1409238,-86.8016342
Johns Hopkins Hosp,Pediatrics,Baltimore,MD,a5df260f-72cf-46bc-a728-75f79971b3bf,VUSM_2025.pdf,39.2964392,-76.5923927
Emory Univ SOM,Orthopaedic Surgery,Atlanta,GA,d284510b-6db2-40ec-b545-65054606dd51,VUSM_2025.pdf,33.7969409,-84.3237147
Kaiser Permanente-Fontana,Psychiatry,Fontana,CA,ac21d033-a03e-4a3b-8bdc-6a59cbb61434,VUSM_2025.pdf,34.0721082,-117.4298461
UPMC Medical Education,Internal Medicine,Pittsburgh,PA,68a119f0-81cb-4d5c-ba65-f6e54b6539ad,VUSM_2025.pdf,40.4223354,-79.9569709
University of Rochester Med Ctr,Urology,Rochester,NY,6d3c42f0-bf96-4074-8854-01fed6788ab0,VUSM_2025.pdf,43.157285,-77.615214
Vanderbilt Univ Med Ctr,Internal Medicine,Nashville,TN,f4ff5806-60f6-4024-9a78-526f9a442481,VUSM_2025.pdf,36.1409238,-86.8016342
Stanford Health Care,Internal Medicine,Stanford,CA,47989f92-959a-40de-a389-631f2f3e5ca0,VUSM_2025.pdf,37.4435963,-122.1704114
Vanderbilt Univ Med Ctr,Psychiatry,Nashville,TN,5ca9d41e-2f65-4a7a-a779-90ea1e277727,VUSM_2025.pdf,36.1409238,-86.8016342
Childrens Hospital-Los Angeles,Pediatrics,Los Angeles,CA,fc5bfe96-38fc-41e9-b916-fbfae741d9e3,VUSM_2025.pdf,34.0977716,-118.2986181
UC San Diego Med Ctr,Radiology-Diagnostic,San Diego,CA,6dd1a7e1-07ad-4de8-aaa1-e604b7e8a66a,VUSM_2025.pdf,32.7553116,-117.1655247
SW Healthcare Med Ed Consortium,Transitional,Temecula,CA,6dd1a7e1-07ad-4de8-aaa1-e604b7e8a66a,VUSM_2025.pdf,33.4946353,-117.147366
Vanderbilt Univ Med Ctr,Internal Medicine-Prelimin,Nashville,TN,a57755ce-94de-47e4-b12e-57acb0db5ed6,VUSM_2025.pdf,36.1409238,-86.8016342
Vanderbilt Univ Med Ctr,OMFS,Nashville,TN,0fa901dc-8de6-417f-94e1-65a5d5a47a32,VUSM_2025.pdf,36.1409238,-86.8016342
Vanderbilt Univ Med Ctr,Neurological Surgery,Nashville,TN,8bb76484-72a9-43f1-a15f-1f068fdf8139,VUSM_2025.pdf,36.1409238,-86.8016342
Vanderbilt Univ Med Ctr,Phys Medicine & Rehab,Nashville,TN,e7985923-9428-4387-b548-6749f7c78e08,VUSM_2025.pdf,36.1409238,-86.8016342
Barnes-Jewish Hosp,Orthopaedic Surgery,St Louis,MO,5e6deffd-1a8c-4456-90c2-7a5d96bbc64e,VUSM_2025.pdf,38.6371648,-90.2643699
University of Utah Health,Anesthesiology,Salt Lake City,UT,6ed1302b-a349-43e6-bfe9-6ee802175fc9,VUSM_2025.pdf,40.7586263,-111.8223133
Boston Univ Med Ctr,Orthopaedic Surgery,Boston,MA,2542b547-a601-4b9c-ad4d-79c72cabefc8,VUSM_2025.pdf,42.335282,-71.07146
Vanderbilt Univ Med Ctr,Orthopaedic Surgery,Nashville,TN,f1dc207b-2ae4-4a6f-8343-cbb8adf84951,VUSM_2025.pdf,36.1409238,-86.8016342
MGB-Massachusetts Gen Hosp,Neurological Surgery,Boston,MA,602ea591-6a16-439f-a6a8-d9b4ba04cf85,VUSM_2025.pdf,42.3628605,71.068753
St Louis Childrens Hosp,Pediatrics,St Louis,MO,239aeeb1-1d58-44fd-9bd4-3d083bd274c0,VUSM_2025.pdf,38.6378458,-90.2649269
Vanderbilt Univ Med Ctr,Orthopaedic Surgery,Nashville,TN,584acdda-8062-4eee-bf0a-e8f24089cd7c,VUSM_2025.pdf,36.1409238,-86.8016342
Johns Hopkins Hosp,Internal Medicine,Baltimore,MD,632b67ad-7628-40d0-9845-00385aa78196,VUSM_2025.pdf,39.2964392,-76.5923927
Baylor Coll Med-Houston,Orthopaedic Surgery,Houston,TX,1475b44e-d612-460d-bee9-0bee375d9ebd,VUSM_2025.pdf,29.7105439,-95.3958079
Vanderbilt Univ Med Ctr,Anesthesiology,Nashville,TN,2d05160f-3832-4b4e-91a5-ae8b21aeed39,VUSM_2025.pdf,36.1409238,-86.8016342
Vanderbilt Univ Med Ctr,Radiology-Diagnostic,Nashville,TN,4c206079-f075-4e16-9986-3e800cb2806b,VUSM_2025.pdf,36.1409238,-86.8016342
HCA Healthcare/TriStar Nashville,Transitional,Nashville,TN,4c206079-f075-4e16-9986-3e800cb2806b,VUSM_2025.pdf,36.2836706,-86.7214196
Loma Linda University,Obstetrics-Gynecology,Loma Linda,CA,a0f7a98c-38dd-4aac-a8dd-e60a43efd192,VUSM_2025.pdf,34.0514446,-117.2628176
MGB-Brigham & Womens Hosp,Radiology-Diagnostic,Boston,MA,319489b9-1e9b-4e8a-a8bf-959fc54cbb07,VUSM_2025.pdf,42.0927053,-71.2661845
Capital Health Reg Med Ctr,Transitional,Pennington,NJ,319489b9-1e9b-4e8a-a8bf-959fc54cbb07,VUSM_2025.pdf,40.3281213,-74.7909992
Stanford Health Care,Pediatrics,Stanford,CA,56ccd701-62f0-4ff5-a082-0950b222c72b,VUSM_2025.pdf,37.4435963,-122.1704114
UCLA Med Ctr-Harbor,Emergency Medicine,Torrance,CA,2d388926-0354-4bec-9ee7-97b8afb81bd6,VUSM_2025.pdf,33.829443,-118.2947553
U Cincinnati Med Ctr,Emergency Medicine,Cincinnati,OH,e1930a5b-8689-4e86-8f10-2b574afa9bff,VUSM_2025.pdf,39.1014537,-84.5124602
MGB-Brigham & Womens Hosp,Internal Medicine,Boston,MA,03e5b8d6-aec8-4666-ae35-c7c1a8b29c4b,VUSM_2025.pdf,42.0927053,-71.2661845
Vanderbilt Univ Med Ctr,Pediatrics,Nashville,TN,8688764d-3b1c-4a3e-a980-a5132551b2be,VUSM_2025.pdf,36.1409238,-86.8016342
Naval Hospital Camp Pendleton,Family Medicine,Oceanside,CA,fa7df357-ca0f-4a00-b831-1aff8b6f8686,VUSM_2025.pdf,33.2218538,-117.3886812
Nationwide Childrens Hosp,Pediatrics/Research,Columbus,OH,f8abf1cd-467d-4914-86a8-a8e0bcd1d8f8,VUSM_2025.pdf,39.9622601,-83.0007065
Vanderbilt Univ Med Ctr,Pathology,Nashville,TN,01bf7fa1-106e-4ac2-a7ca-00238a88259d,VUSM_2025.pdf,36.1409238,-86.8016342
UC San Francisco-East Bay,General Surgery-Prelimin,Oakland,CA,7cdbaa4e-d454-4e44-931b-4cf731a33303,VUSM_2025.pdf,37.8044557,-122.271356
Vanderbilt Univ Med Ctr,General Surgery,Nashville,TN,064d2125-6757-4acd-9786-7bb949b598bd,VUSM_2025.pdf,36.1409238,-86.8016342
U Washington Affil Hosps,Radiology-Diagnostic,Seattle,WA,12a32604-27c2-4002-bff7-d94115f32881,VUSM_2025.pdf,47.6038321,-122.330062
Sutter Health,Transitional,Roseville,CA,12a32604-27c2-4002-bff7-d94115f32881,VUSM_2025.pdf,38.7922755,-121.359167
Vanderbilt Univ Med Ctr,Pediatrics,Nashville,TN,ca6174e9-1f3f-4f08-8296-a78fb6ef5611,VUSM_2025.pdf,36.1409238,-86.8016342
U Southern California,Internal Medicine,Los Angeles,CA,77e62924-8f3b-402e-8519-b168b9c5869a,VUSM_2025.pdf,33.9510011,-118.2062682
Vanderbilt Univ Med Ctr,Anesthesiology,Nashville,TN,0a8b7678-a3a8-40c3-bda9-bf660168c0d6,VUSM_2025.pdf,36.1409238,-86.8016342
Mayo Clinic School of Grad Med Educ,Obstetrics-Gynecology,Rochester,MN,7a09d724-3a44-4780-9be6-d9835b1ccaa3,VUSM_2025.pdf,44.0220738,-92.4654229
Stanford Health Care,Radiology-Diagnostic,Stanford,CA,45fc7c55-627e-481c-9fe4-9fc959c36062,VUSM_2025.pdf,37.4435963,-122.1704114
Los Robles Health System,Transitional,Thousand Oaks,CA,45fc7c55-627e-481c-9fe4-9fc959c36062,VUSM_2025.pdf,34.1705609,-118.8375937
Northwestern McGaw/NMH/VA,Radiology-Diagnostic,Chicago,IL,f52ffd5f-9d7c-44ae-aea2-a57a75fa7ef8,VUSM_2025.pdf,41.8755616,-87.6244212
HCA Healthcare/TriStar Nashville,Transitional,Nashville,TN,f52ffd5f-9d7c-44ae-aea2-a57a75fa7ef8,VUSM_2025.pdf,36.2836706,-86.7214196
Hosp of the Univ of PA,Otolaryngology,Philadelphia,PA,f30e96d8-77bb-4d01-bbba-c60735e88ad8,VUSM_2025.pdf,39.9499481,-75.1941014
Kaiser Permanente-Santa Clara,Obstetrics-Gynecology,Santa Clara,CA,7477b2f5-4e2d-4783-8a40-3c1acc0bdaed,VUSM_2025.pdf,37.3644707,-121.9176035
U Texas Southwestern Med Sch-Dallas,Otolaryngology,Dallas,TX,209a810e-a089-4883-b471-8b2dcf5a2f9f,VUSM_2025.pdf,32.7762719,-96.7968559
Barnes-Jewish Hosp,General Surgery,St Louis,MO,534766cb-2b2a-43ed-b455-516811e9ddb0,VUSM_2025.pdf,38.6371648,-90.2643699
Vanderbilt Univ Med Ctr,General Surgery,Nashville,TN,b6ef1d53-6c52-4b20-bd0c-3c5b8491dc22,VUSM_2025.pdf,36.1409238,-86.8016342
Johns Hopkins Hosp,Internal Medicine,Baltimore,MD,6479dc35-ce7d-4011-a6cb-e2e045ca3e21,VUSM_2025.pdf,39.2964392,-76.5923927
Vanderbilt Univ Med Ctr,Internal Medicine,Nashville,TN,59347297-3a06-4b84-8357-9275494dd226,VUSM_2025.pdf,36.1409238,-86.8016342
U Michigan Hosps-Ann Arbor,Pathology/PSTP,Ann Arbor,MI,c2147b5a-711d-43f5-9955-1d224ee04a01,VUSM_2025.pdf,42.283597,-83.7311675
Barnes-Jewish Hosp,Anesthesiology,St Louis,MO,b9eeedc5-ee01-4373-824f-522f6d681e89,VUSM_2025.pdf,38.6371648,-90.2643699
U Arizona COM-Tucson,Dermatology,Tucson,AZ,34bfdfee-011c-415e-81f1-2b95b473470e,VUSM_2025.pdf,32.2228765,-110.974847
Baylor S&W All Saints Med Ctr,Transitional,Fort Worth,TX,34bfdfee-011c-415e-81f1-2b95b473470e,VUSM_2025.pdf,32.753177,-97.3327459
U Kansas SOM-Kansas City,Plastic Surgery (Integrated),Kansas City,KS,1bd3c5a1-1733-4d71-84fd-923771a0b802,VUSM_2025.pdf,39.1229393,-94.7483238
Vanderbilt Univ Med Ctr,Emergency Medicine,Nashville,TN,da7d6c33-ea35-4317-bf12-ced9c8e0908b,VUSM_2025.pdf,36.1409238,-86.8016342
Boston Univ Med Ctr,General Surgery,Boston,MA,e53ee56f-38b2-45bd-ae30-ce0073436c56,VUSM_2025.pdf,42.335282,-71.07146
Baylor College of Med-Cullen Eye Instit,Ophthalmology,Houston,TX,3a25795f-79f8-493e-bd20-d95ff45c1304,VUSM_2025.pdf,29.7589382,-95.3676974
Vanderbilt Univ Med Ctr,General Surgery-Prelimin,Nashville,TN,bfaf128b-1e2c-4d05-9aac-ff1354de1c7e,VUSM_2025.pdf,36.1409238,-86.8016342
Oregon Health & Science Univ,Radiology-Diagnostic,Portland,OR,bd1d989f-835f-445a-b961-812718b67da6,VUSM_2025.pdf,45.4981929,-122.6864957
Mass General Brigham,Transitional,Newton,MA,bd1d989f-835f-445a-b961-812718b67da6,VUSM_2025.pdf,42.0927053,-71.2661845
UCLA Semel Inst for Neuroscience,Psychiatry-Research,Los Angeles,CA,0da12015-bcc1-48d2-ade4-83119139e561,VUSM_2025.pdf,34.0536909,-118.242766
MGB-Massachusetts Gen Hosp,Anesthesiology,Boston,MA,95e3612d-664f-4c84-adfd-fb88840b9579,VUSM_2025.pdf,42.3628605,-71.068753
Barrow Neurological Inst-SJHMC,Neurological Surgery,Phoenix,AZ,b9d68e72-d311-4e66-8e1d-4461ad4f9904,VUSM_2025.pdf,33.4807657,-112.0788312
UMass Chan - Baystate,Obstetrics-Gynecology,Springfield,MA,c0b7c0e7-a8ea-4138-8fa5-88a79178ddfa,VUSM_2025.pdf,42.1018764,-72.5886727
Vanderbilt Univ Med Ctr,Phys Medicine & Rehab,Nashville,TN,12d2aee4-edc8-4be9-bad9-87d2987bf207,VUSM_2025.pdf,36.1409238,-86.8016342
U Michigan Hosps-Ann Arbor,Emergency Medicine,Ann Arbor,MI,512a8c33-d11a-4808-9624-33c8dd3d8e90,VUSM_2025.pdf,42.283597,-83.7311675
Medical University of SC,Internal Medicine,Charleston,SC,411373fb-cc96-4915-829d-017828f6d771,VUSM_2025.pdf,32.785583,-79.9481581
Vanderbilt Univ Med Ctr,Internal Medicine,Nashville,TN,4aea61c6-4228-4fcc-ab6a-29fee46dd27b,VUSM_2025.pdf,36.1409238,-86.8016342
Vanderbilt Univ Med Ctr,Internal Medicine,Nashville,TN,7276cdbc-8fae-43c7-80d4-00574c5beba8,VUSM_2025.pdf,36.1409238,-86.8016342
Northwestern McGaw/NMH/VA,Radiology-Diagnostic,Chicago,IL,85df7b52-04e7-4f8c-b25a-87e36f38dcc6,VUSM_2025.pdf,41.8755616,-87.6244212
Northwestern McGaw/NMH/VA,Surgery-Prelimin,Chicago,IL,85df7b52-04e7-4f8c-b25a-87e36f38dcc6,VUSM_2025.pdf,41.8755616,-87.6244212
Mayo Clinic School of Grad Med Educ-MN,Radiology-Diagnostic,Rochester,MN,e59109b0-f8e9-486e-b298-28da9fd6def7,VUSM_2024.pdf,44.0220738,-92.4654229
Meharry/Metro General Hosp-TN,Medicine-Prelim,Nashville,TN,e59109b0-f8e9-486e-b298-28da9fd6def7,VUSM_2024.pdf,36.1622767,-86.7742984
U Texas Southwestern Med Sch-Dallas,Internal Medicine,Dallas,TX,5a866dc0-554d-48a0-a567-1427d351af30,VUSM_2024.pdf,32.7762719,-96.7968559
UC San Francisco-CA,Interventional Radiology (Integ),San Francisco,CA,93f5f043-aa63-4a8b-aec1-78985f28b989,VUSM_2024.pdf,37.776547,-122.3948371
UC San Francisco-CA,Surgery-Prelim,San Francisco,CA,93f5f043-aa63-4a8b-aec1-78985f28b989,VUSM_2024.pdf,37.776547,-122.3948371
Vanderbilt Univ Med Ctr-TN,Internal Medicine,Nashville,TN,a92e19af-d7ec-449c-b624-d84c7808b13e,VUSM_2024.pdf,36.1409238,-86.8016342
Brown Univ/Rhode Island Hosp,Emergency Medicine,Providence,RI,b939be9f-48d0-47d1-8699-b9f56d50bd8a,VUSM_2024.pdf,41.8186395,-71.4088009
Kaiser Permanente-Los Angeles-CA,Obstetrics-Gynecology,Los Angeles,CA,9912e835-5e96-4877-8a43-4095026798a7,VUSM_2024.pdf,33.8614196,-118.2806935
UC Davis Med Ctr-CA,Orthopaedic Surgery,Sacramento,CA,28c95345-2406-4047-8d34-df4ab36510a7,VUSM_2024.pdf,38.5549509,-121.4553922
Stanford Health Care-CA,Phys Medicine & Rehab,Stanford,CA,a039ae7c-2223-4c8f-93a4-5a1312aadc74,VUSM_2024.pdf,37.4435963,-122.1704114
Santa Clara Valley Med Ctr-CA,Transitional,San Jose,CA,a039ae7c-2223-4c8f-93a4-5a1312aadc74,VUSM_2024.pdf,37.3055377,-121.8504332
Vanderbilt Univ Med Ctr-TN,Oral Maxillofacial Surgery,Nashville,TN,5a476a34-2f3b-48f1-8db8-62bbf2a307f5,VUSM_2024.pdf,36.1409238,-86.8016342
UC San Francisco-CA,Urology,San Francisco,CA,f20b1ece-4854-42e6-b371-16c309824253,VUSM_2024.pdf,37.776547,-122.3948371
UPMC Medical Education-PA,Internal Medicine,Pittsburgh,PA,40d00d77-4ef1-460d-9e94-b29acf6e17e7,VUSM_2024.pdf,40.4223354,-79.9569709
Childrens Hosp-Philadelphia-PA,Pediatrics,Philadelphia,PA,918a5bf9-57a0-4bea-b8e0-9883f7cf5826,VUSM_2024.pdf,39.9527237,-75.1635262
Mayo Clinic School of Grad Med Educ-FL,Neurological Surgery,Jacksonville,FL,d835c3c2-a115-4cca-81ab-d9975739a5cb,VUSM_2024.pdf,30.3321838,-81.655651
Vanderbilt Univ Med Ctr-TN,General Surgery-Prelim,Nashville,TN,7c403076-9438-47aa-9a0b-1a0dcfcc9dcd,VUSM_2024.pdf,36.1409238,-86.8016342
Mountain AHEC-NC,Family Medicine,Asheville,NC,a8648304-b728-44b1-8854-7c50f4f0f015,VUSM_2024.pdf,35.595363,-82.5508407
Mayo Clinic School of Grad Med Educ-AZ,Radiology-Diagnostic,Phoenix,AZ,6fed5ca7-8057-406d-aae5-2b161fcaafaa,VUSM_2024.pdf,33.4484367,-112.074141
U Michigan Hosps-Ann Arbor,Ophthalmology,Ann Arbor,MI,2789aecf-3cd4-4146-8ede-824dd1f26742,VUSM_2024.pdf,42.283597,-83.7311675
U Michigan Hosps-Ann Arbor,Medicine-Prelim,Ann Arbor,MI,2789aecf-3cd4-4146-8ede-824dd1f26742,VUSM_2024.pdf,42.283597,-83.7311675
Vanderbilt Univ Med Ctr-TN,General Surgery,Nashville,TN,46bbe5a2-9785-4354-9877-8fbcca383206,VUSM_2024.pdf,36.1409238,-86.8016342
Vanderbilt Univ Med Ctr-TN,Medicine-Pediatrics,Nashville,TN,5a8a185a-92c4-40f6-81e1-9565ae387bda,VUSM_2024.pdf,36.1409238,-86.8016342
Vanderbilt Univ Med Ctr-TN,Pediatrics,Nashville,TN,a5209d28-3923-4d71-a43a-1365838b2d17,VUSM_2024.pdf,36.1409238,-86.8016342
Johns Hopkins Hosp-MD,Neurology,Baltimore,MD,1a0e8e62-0e32-40cd-989b-b3648ab3c9fd,VUSM_2024.pdf,39.2964392,-76.5923927
Johns Hopkins/Bayview-MD,Medicine-Prelim,Baltimore,MD,1a0e8e62-0e32-40cd-989b-b3648ab3c9fd,VUSM_2024.pdf,39.2895003,-76.5486141
Childrens Hosp-Philadelphia-PA,Pediatrics,Philadelphia,PA,016787c1-d946-48cd-a4fe-e289fea89270,VUSM_2024.pdf,39.9527237,-75.1635262
Barnes-Jewish Hosp-MO,Orthopaedic Surgery,St Louis,MO,e3892dab-5b49-43f7-8758-e46673df39bc,VUSM_2024.pdf,38.6371648,-90.2643699
Vanderbilt Univ Med Ctr-TN,Medicine-Pediatrics,Nashville,TN,24e76fa6-f2e6-4550-8bff-b993bd5772da,VUSM_2024.pdf,36.1409238,-86.8016342
U Texas Southwestern Med Sch-Dallas,Dermatology,Dallas,TX,19abc86d-d338-466e-b862-9e063aad6f45,VUSM_2024.pdf,32.7762719,-96.7968559
U Texas Southwestern Med Sch-Dallas,Medicine-Prelim,Dallas,TX,19abc86d-d338-466e-b862-9e063aad6f45,VUSM_2024.pdf,32.7762719,-96.7968559
Vanderbilt Univ Med Ctr-TN,General Surgery-Prelim,Nashville,TN,7ec9b546-a203-452e-a3d6-7f0e1d1aadde,VUSM_2024.pdf,36.1409238,-86.8016342
Carolinas Med Ctr-NC,Orthopaedic Surgery,Charlotte,NC,3349b6fc-a01a-48ce-a0ee-d9353b3b01c7,VUSM_2024.pdf,35.2038003,-80.8386847
U Texas Southwestern Med Sch-Dallas,Medicine-Psychiatry,Dallas,TX,4da56003-53ae-41a9-8683-b31c05ccb8d0,VUSM_2024.pdf,32.7762719,-96.7968559
Vanderbilt Univ Med Ctr-TN,Interventional Radiology (Integ),Nashville,TN,a4850aa0-a7c1-449f-bbcc-eb2df7c77f42,VUSM_2024.pdf,36.1409238,-86.8016342
Vanderbilt Univ Med Ctr-TN,Surg-Prelim,Nashville,TN,a4850aa0-a7c1-449f-bbcc-eb2df7c77f42,VUSM_2024.pdf,36.1409238,-86.8016342
Vanderbilt Univ Med Ctr-TN,Internal Medicine,Nashville,TN,3c49691b-9ea9-42e4-b4f6-40c4d1b3a156,VUSM_2024.pdf,36.1409238,-86.8016342
HCA Midwest Health,Family Medicine,Kansas City,MO,9dbdc75c-5367-4872-b105-de2f6edba62e,VUSM_2024.pdf,39.100105,-94.5781416
Vanderbilt Univ Med Ctr-TN,Internal Medicine,Nashville,TN,fc2246fa-7261-41db-adb6-ab2a6a4d129a,VUSM_2024.pdf,36.1409238,-86.8016342
Northwestern McGaw/NMH/VA-IL,Otolaryngology,Chicago,IL,5cf5c6c3-c518-4476-a2dd-4f4c188ae412,VUSM_2024.pdf,41.8755616,-87.6244212
Yale-New Haven Hosp-CT,Dermatology,New Haven,CT,aebb1dd3-db78-4bf8-9503-94d8bade4ab9,VUSM_2024.pdf,41.3046035,-72.9355941
HCA Healthcare/TriStar Nashville-TN,Transitional,Nashville,TN,aebb1dd3-db78-4bf8-9503-94d8bade4ab9,VUSM_2024.pdf,36.2836706,-86.7214196
U Southern California,Internal Medicine,Los Angeles,CA,dd8aab4e-9133-4f1f-b1cc-908d7fb0cdaf,VUSM_2024.pdf,33.9510011,-118.2062682
U Cincinnati Med Ctr-OH,Emergency Medicine,Cincinnati,OH,6007b14f-5be0-4dc7-b4ff-49b51827d987,VUSM_2024.pdf,39.1014537,-84.5124602
U Washington Affil Hosps,Anesthesiology,Seattle,WA,219f79aa-fc45-4bc9-9fa7-a075a8039c1a,VUSM_2024.pdf,47.6038321,-122.330062
Vanderbilt Univ Med Ctr-TN,Pediatrics,Nashville,TN,c61dfe38-48f9-4000-8902-9d32f8c4a07d,VUSM_2024.pdf,36.1409238,-86.8016342
Vanderbilt Univ Med Ctr-TN,Radiology-Diagnostic,Nashville,TN,0b657241-19a6-4e7e-aa67-7362a815c0ac,VUSM_2024.pdf,36.1409238,-86.8016342
HCA Healthcare/TriStar Nashville-TN,Transitional,Nashville,TN,0b657241-19a6-4e7e-aa67-7362a815c0ac,VUSM_2024.pdf,36.2836706,-86.7214196
Vanderbilt Univ Med Ctr-TN,Orthopaedic Surgery,Nashville,TN,19bfa556-0552-48ec-8493-eef3eb9ec5f2,VUSM_2024.pdf,36.1409238,-86.8016342
U Texas Southwestern Med Sch-Dallas,Pediatrics,Dallas,TX,d38ca102-5307-429c-840d-6c187febae97,VUSM_2024.pdf,32.7762719,-96.7968559
UC San Diego Med Ctr-CA,Interventional Radiology (Integ),San Diego,CA,6c793e23-afdb-4101-9032-567b8c3c942a,VUSM_2024.pdf,32.7553116,-117.1655247
Vanderbilt Univ Med Ctr-TN,Surgery-Prelim,Nashville,TN,6c793e23-afdb-4101-9032-567b8c3c942a,VUSM_2024.pdf,36.1409238,-86.8016342
Childrens Hosp-Philadelphia-PA,Pediatrics,Philadelphia,PA,d65766a4-d219-4630-949a-d7bd3bd9d740,VUSM_2024.pdf,39.9527237,-75.1635262
Johns Hopkins Hosp-MD,Neurological Surgery,Baltimore,MD,8d02278d-f38d-4a5b-aa0f-8f2381537b0b,VUSM_2024.pdf,39.2964392,-76.5923927
U Washington Affil Hosps,Anesthesiology,Seattle,WA,44242781-eead-4c1a-b26a-2bf89b5bbd3e,VUSM_2024.pdf,47.6038321,-122.330062
Mayo Clinic School of Grad Med Educ-MN,Neurological Surgery,Rochester,MN,d864be87-e010-4bd1-80f4-c3ab457b383f,VUSM_2024.pdf,44.0220738,-92.4654229
UPMC Medical Education-PA,Obstetrics-Gynecology,Pittsburgh,PA,f2807bf2-296e-4350-a249-f873ccd6be8f,VUSM_2024.pdf,40.4223354,-79.9569709
Barrow Neurological Inst at SJHMC-AZ,Neurological Surgery,Phoenix,AZ,93161fb2-dd31-4703-953f-0b3edf9147ab,VUSM_2024.pdf,33.4807657,-112.0788312
U Cincinnati Med Ctr-OH,Otolaryngology,Cincinnati,OH,d48ad17f-8da8-4bdc-babb-71a65e8cef4a,VUSM_2024.pdf,39.1014537,-84.5124602
Vanderbilt Univ Med Ctr-TN,Ophthalmology,Nashville,TN,bc95dbf6-23cd-4356-b460-93f8220f61f4,VUSM_2024.pdf,36.1409238,-86.8016342
Vanderbilt Univ Med Ctr-TN,Surgery-Prelim,Nashville,TN,bc95dbf6-23cd-4356-b460-93f8220f61f4,VUSM_2024.pdf,36.1409238,-86.8016342
MGB-Massachusetts Gen Hosp,Psychiatry/Community,Boston,MA,413f8959-02eb-4b56-aa41-45ee1bde23c3,VUSM_2024.pdf,42.3588336,-71.0578303
U Michigan Hosps-Ann Arbor,Otolaryngology,Ann Arbor,MI,9f633935-85c3-4427-814d-6017c531716a,VUSM_2024.pdf,42.283597,-83.7311675
Vanderbilt Univ Med Ctr-TN,General Surgery,Nashville,TN,6a3bee10-a700-45a6-b7f5-d17ff657a306,VUSM_2024.pdf,36.1409238,-86.8016342
U Michigan Hosps-Ann Arbor,Urology,Ann Arbor,MI,a3e426a4-3014-4887-a415-ce1ccea90f3b,VUSM_2024.pdf,42.283597,-83.7311675
UC San Francisco-CA,Obstetrics-Gynecology,San Francisco,CA,4b7f2a89-b101-44ef-8af8-a81e5ff95672,VUSM_2024.pdf,37.776547,-122.3948371
Vanderbilt Univ Med Ctr-TN,Otolaryngology,Nashville,TN,ea3b71cb-27bd-43c9-98d6-fcefd8647886,VUSM_2024.pdf,36.1409238,-86.8016342
U Southern California,Dermatology,Los Angeles,CA,98fff2dc-753a-4d0e-94ef-9644c2397b03,VUSM_2024.pdf,33.9510011,-118.2062682
HCA Healthcare/TriStar Nashville-TN,Transitional,Nashville,TN,98fff2dc-753a-4d0e-94ef-9644c2397b03,VUSM_2024.pdf,36.2836706,-86.7214196
UC San Francisco-CA,Emergency Medicine,San Francisco,CA,3f10f4e9-dcd4-45ae-bfa8-ed6ffab273f9,VUSM_2024.pdf,37.776547,-122.3948371
U Southern California-CA,Urology,Los Angeles,CA,39e85a25-0663-47be-8b94-f5ad9126564d,VUSM_2024.pdf,33.9510011,-118.2062682
Emory Univ SOM-GA,Internal Medicine,Atlanta,GA,8f6a36f7-557f-40cd-b7a3-1e9df54282e9,VUSM_2024.pdf,33.7969409,-84.3237147
Baylor Coll Med-Houston-TX,Anesthesiology,Houston,TX,2d436d3a-b1c1-49b0-91c6-1085e52e486a,VUSM_2024.pdf,29.7105439,-95.3958079
Vanderbilt Univ Med Ctr-TN,Radiology-Diagnostic,Nashville,TN,aff7929d-c2f5-4614-93f7-1f8700624e0a,VUSM_2024.pdf,36.1409238,-86.8016342
HCA Healthcare/TriStar Nashville-TN,Transitional,Nashville,TN,aff7929d-c2f5-4614-93f7-1f8700624e0a,VUSM_2024.pdf,36.2836706,-86.7214196
Vanderbilt Univ Med Ctr-TN,Psychiatry,Nashville,TN,e2a9965d-bab0-4c5e-bb4d-22dabb270889,VUSM_2024.pdf,36.1409238,-86.8016342
Vanderbilt Univ Med Ctr-TN,Internal Medicine,Nashville,TN,d0f09d93-23cf-4569-b5ba-089ecd5e7767,VUSM_2024.pdf,36.1409238,-86.8016342
Womack Army Medical Center,Family Medicine,Ft Liberty,NC,e2ad37ff-f9ae-41cf-aad8-339c04be7302,VUSM_2024.pdf,35.140311,-79.1541465
MGB-Brigham & Womens Hosp-MA,Internal Medicine,Boston,MA,5405b874-2e49-4a95-b313-4c8b5a25be45,VUSM_2024.pdf,42.0927053,-71.2661845
UC San Diego Med Ctr-CA,Anesthesiology,San Diego,CA,6690931e-9644-44cc-bfff-f72ab70301be,VUSM_2024.pdf,32.7553116,-117.1655247
Scripps Mercy Hosp-San Diego-CA,Transitional,San Diego,CA,6690931e-9644-44cc-bfff-f72ab70301be,VUSM_2024.pdf,32.7513283,-117.160071
Northwestern McGaw/NMH/VA-IL,Neurology,Chicago,IL,d90a4bba-dd99-4950-96de-20550c6af25f,VUSM_2024.pdf,41.8755616,-87.6244212
Northwestern McGaw/NMH/VA-IL,Medicine-Prelim,Chicago,IL,d90a4bba-dd99-4950-96de-20550c6af25f,VUSM_2024.pdf,41.8755616,-87.6244212
Vanderbilt Univ Med Ctr-TN,Medicine-Pediatrics,Nashville,TN,7c82b922-9c1c-4ae5-8604-2940fab2354a,VUSM_2024.pdf,36.1409238,-86.8016342
Wake Forest U,Ophthalmology,Winston-Salem,NC,0211df82-2bd7-4d35-ba07-f09f4ae892d8,VUSM_2024.pdf,36.133893,-80.2755578
Cleveland Clinic Fdn-OH,Thoracic Surgery,Cleveland,OH,7fe37705-ce92-4481-b975-857ac74fceae,VUSM_2024.pdf,41.4996574,-81.6936772
Vanderbilt Univ Med Ctr-TN,Internal Medicine,Nashville,TN,3132e68c-7c21-4282-b932-b92280114209,VUSM_2024.pdf,36.1409238,-86.8016342
Vanderbilt Univ Med Ctr-TN,Psychiatry,Nashville,TN,b8948a67-5923-49f6-a130-f54e182cc1cc,VUSM_2024.pdf,36.1409238,-86.8016342
U North Carolina Hospitals,Internal Medicine-Research,Chapel Hill,NC,4e58ea19-6501-44d5-8235-41a5ca2e37d4,VUSM_2024.pdf,35.9041644,-79.0516724
Santa Barbara Cottage Hosp-CA,Radiology-Diagnostic,Santa Barbara,CA,b25f1ebc-6584-4786-a919-8122862dda0a,VUSM_2024.pdf,34.4298059,-119.7235684
Health Education Services-TN,Transitional,Nashville,TN,b25f1ebc-6584-4786-a919-8122862dda0a,VUSM_2024.pdf,36.1074079,-86.7973491
Vanderbilt Univ Med Ctr-TN,Dermatology,Nashville,TN,335bd412-65f3-4507-8089-02b3df72bad2,VUSM_2024.pdf,36.1409238,-86.8016342
Vanderbilt Univ Med Ctr-TN,Medicine-Prelim,Nashville,TN,335bd412-65f3-4507-8089-02b3df72bad2,VUSM_2024.pdf,36.1409238,-86.8016342
UPMC Medical Education-PA,Internal Medicine,Pittsburgh,PA,b83d5f27-4132-455f-84b1-b938032c2b48,VUSM_2024.pdf,40.4223354,-79.9569709
Long Beach Mem Med Ctr-CA,Family Medicine,Long Beach,CA,980c599e-ebd5-4a09-98df-356ab29e3a6a,VUSM_2024.pdf,33.7690164,-118.191604
U Minnesota Med School,Internal Medicine/PSTP,Minneapolis,MN,2b481bc1-31b0-422e-bbdd-0d61fef1b4ec,VUSM_2024.pdf,44.9772995,-93.2654692
MGB-Brigham & Womens Hosp-MA,Psychiatry/Research,Boston,MA,065f14b8-db01-400e-82f9-fa7b1331b13b,VUSM_2024.pdf,42.0927053,-71.2661845
Vanderbilt Univ Med Ctr-TN,Pathology,Nashville,TN,c9ad1e52-2da3-4b9b-bb61-7290af6eabf1,VUSM_2024.pdf,36.1409238,-86.8016342
MedStar Georgetown Univ Hosp-DC,Plastic Surgery (Integrated),Washington,DC,6014e02a-b95f-4067-9109-2cf6ae5d0c02,VUSM_2024.pdf,38.9111463,-77.0753462
University of Virginia-VA,Radiology-Diagnostic,Charlottesville,VA,9a8baf46-38cd-4f5d-94f9-9cd05ee40e38,VUSM_2024.pdf,38.029306,-78.4766781
HCA Healthcare/TriStar Nashville-TN,Transitional,Nashville,TN,9a8baf46-38cd-4f5d-94f9-9cd05ee40e38,VUSM_2024.pdf,36.2836706,-86.7214196
Vanderbilt Univ Med Ctr-TN,Internal Medicine,Nashville,TN,7c2de267-1f68-4b81-98ea-ee8c52f0c453,VUSM_2024.pdf,36.1409238,-86.8016342
Vanderbilt Univ Med Ctr-TN,General Surgery,Nashville,TN,862aa364-72dc-4d74-ad52-351a70203aec,VUSM_2024.pdf,36.1409238,-86.8016342
Oregon Health & Science Univ,Psychiatry,Portland,OR,4fbecd85-9637-481b-81cd-ad0a22a13de4,VUSM_2024.pdf,45.4981929,-122.6864957
Stanford Health Care-CA,Psychiatry/Research,Stanford,CA,55c16bd8-375b-4149-8402-13d2dda32e9f,VUSM_2024.pdf,37.4435963,-122.1704114
Vanderbilt Univ Med Ctr-TN,Anesthesiology,Nashville,TN,19895602-7bd3-4d85-b751-c58053c12ff2,VUSM_2024.pdf,36.1409238,-86.8016342
Vanderbilt Univ Med Ctr-TN,Phys Medicine & Rehab,Nashville,TN,e9f0f82e-70fd-4fc2-8475-a53c34e12c9d,VUSM_2024.pdf,36.1409238,-86.8016342
Vanderbilt Univ Med Ctr-TN,Neurology,Nashville,TN,a238a7bd-23a7-4ae9-ab62-c2fce5222393,VUSM_2024.pdf,36.1409238,-86.8016342
UC San Francisco-CA,Anesthesiology,San Francisco,CA,8c034e82-80fa-4d5b-9e71-b568ab035496,VUSM_2024.pdf,37.776547,-122.3948371
U Maryland Med Ctr Midtown Campus,Transitional,Baltimore,MD,8c034e82-80fa-4d5b-9e71-b568ab035496,VUSM_2024.pdf,39.2908816,-76.610759
Hosp of the Univ of PA,Radiology-Diagnostic,Philadelphia,PA,fb4b68aa-0b44-4071-b227-463380b10e20,VUSM_2024.pdf,39.9499481,-75.1941014
Capital Health Reg Med Ctr-NJ,Transitional,Pennington,NJ,fb4b68aa-0b44-4071-b227-463380b10e20,VUSM_2024.pdf,40.3281213,-74.7909992
Baylor Coll Med-Houston-TX,Neurological Surgery,Houston,TX,b4e90cce-d601-45c9-9ec4-e3ad3e85cc9d,VUSM_2023.pdf,29.7105439,-95.3958079
Henry Ford Hospital-MI,Emergency Medicine,Detroit,MI,c2c2dd1d-de5f-4106-a1d8-b224c0cc9853,VUSM_2023.pdf,42.3678522,-83.0855196
Barnes-Jewish Hosp-MO,Anat/Clin & Anat Path,St Louis,MO,8b094fb9-2f2f-400a-ad69-033a6979cff0,VUSM_2023.pdf,38.6371648,-90.2643699
Vanderbilt Univ Med Ctr-TN,Internal Medicine,Nashville,TN,1e3760c4-22ff-4fde-b6bf-4ecadbb827f9,VUSM_2023.pdf,36.1409238,-86.8016342
St Louis Childrens Hosp-MO,Child Neurology,St Louis,MO,bac875e8-d7ec-4983-9184-5c35c94567e1,VUSM_2023.pdf,38.6378458,-90.2649269
UC San Diego Med Ctr-CA,Int Med/Investigator Path,San Diego,CA,a141851e-6973-4b92-aad3-7dbacc5d00a0,VUSM_2023.pdf,32.7553116,-117.1655247
Vanderbilt Univ Med Ctr-TN,Surgery-Prelim,Nashville,TN,ffc4c655-ce89-4777-90cf-9ff30143c12f,VUSM_2023.pdf,36.1409238,-86.8016342
Brigham & Womens Hosp-MA,Radiology-Diagnostic,Boston,MA,b5b6d735-d376-4fbe-a17d-e04482a01bb4,VUSM_2023.pdf,42.0927053,-71.2661845
Newton-Wellesley Hosp-MA,Transitional,Newton,MA,b5b6d735-d376-4fbe-a17d-e04482a01bb4,VUSM_2023.pdf,42.3306966,-71.2480746
Vanderbilt Univ Med Ctr-TN,Int Med/ABIM Research Path,Nashville,TN,c9b1ec14-a536-44a6-b3fe-9d18bf92722a,VUSM_2023.pdf,36.1409238,-86.8016342
Vanderbilt Univ Med Ctr-TN,Internal Medicine,Nashville,TN,589df675-b562-4cd6-941d-86cd2674e93a,VUSM_2023.pdf,36.1409238,-86.8016342
Vanderbilt Univ Med Ctr-TN,Orthopaedic Surgery,Nashville,TN,4aa2e98c-0b14-41ef-af0d-7e1d18ab4ff3,VUSM_2023.pdf,36.1409238,-86.8016342
Northwestern McGraw/NMH/VA-IL,Anesthesiology/3 Yr,Chicago,IL,97888e41-f7c2-446a-88c1-62abafa8d33d,VUSM_2023.pdf,41.8755616,-87.6244212
Vanderbilt Univ Med Ctr-TN,Med-Prelim,Nashville,TN,97888e41-f7c2-446a-88c1-62abafa8d33d,VUSM_2023.pdf,36.1409238,-86.8016342
Baylor Coll Med-Houston-TX,Neurological Surgery,Houston,TX,717d920c-a262-4e0f-9b23-79b813f5a6f8,VUSM_2023.pdf,29.7105439,-95.3958079
Vanderbilt Univ Med Ctr-TN,Plastic Surgery (Integ),Nashville,TN,56d524c6-f119-4f80-b008-47d4bb94edb8,VUSM_2023.pdf,36.1409238,-86.8016342
Vanderbilt Univ Med Ctr-TN,Radiology-Diagnostic,Nashville,TN,0ec08acc-9963-4f58-bee4-6a0471ae215a,VUSM_2023.pdf,36.1409238,-86.8016342
HCA Healthcare/TriStar Nashville-TN,Transitional,Nashville,TN,0ec08acc-9963-4f58-bee4-6a0471ae215a,VUSM_2023.pdf,36.2836706,-86.7214196
Vanderbilt Univ Med Ctr-TN,Surgery-Prelim,Nashville,TN,e4a00e95-f89f-4fae-aa0a-d04fdd195cf3,VUSM_2023.pdf,36.1409238,-86.8016342
Childrens Hosp-Philadelphia-PA,Child Neurology,Philadelphia,PA,ef01c89a-29c6-4bb5-8910-bac98b7997ca,VUSM_2023.pdf,39.9527237,-75.1635262
University of Utah Health,Anesthesiology/Trans,Salt Lake City,UT,d68f17b2-d48f-497e-919d-f8d0ef426d3a,VUSM_2023.pdf,40.7586263,-111.8223133
ISMMS Mount Sinai Beth Israel-NY,Psychiatry,New York,NY,db181cbf-830d-45ae-9ecf-26b1e422149e,VUSM_2023.pdf,40.7331696,-73.9820464
Brigham & Womens Hosp-MA,Obstetrics-Gynecology/BWH-MGH,Boston,MA,700f584d-2c73-49a2-9574-ac5d3eee569e,VUSM_2023.pdf,42.0927053,-71.2661845
Vanderbilt Univ Med Ctr-TN,General Surgery,Nashville,TN,868e2d43-31df-4626-a4a3-cfc73ff10fa3,VUSM_2023.pdf,36.1409238,-86.8016342
Naval Medical Center Portsmouth,Transitional-Military,Portsmouth,VA,1d686a2d-75d4-4525-a111-5bd99524897d,VUSM_2023.pdf,36.8484074,-76.3137954
UC San Francisco-CA,Pathology,San Francisco,CA,5c4a6653-7647-4422-93c8-f50899ee930a,VUSM_2023.pdf,37.776547,-122.3948371
Johns Hopkins Hosp-MD,Pediatrics/Research,Baltimore,MD,a9183ea7-455e-47d0-a17e-0aca08022eae,VUSM_2023.pdf,39.2964392,-76.5923927
Duke Univ Med Ctr-NC,Psychiatry/Research,Durham,NC,a7f1a8ef-6158-4398-9d20-e9f2089ad47f,VUSM_2023.pdf,35.996653,-78.9018053
Stanford Health Care-CA,Psychiatry,Stanford,CA,93883ace-0ccc-4e5c-a9d8-0b3f7ba174fa,VUSM_2023.pdf,37.4435963,-122.1704114
Emory Univ SOM-GA,Internal Medicine,Atlanta,GA,82632e8c-21db-4bbe-ad25-8d39fe76c6e3,VUSM_2023.pdf,33.7969409,-84.3237147
Childrens Hospital-Boston-MA,Peds/Childrens Hosp,Boston,MA,f275fe38-ad88-4986-9007-48c1f88a1d9c,VUSM_2023.pdf,42.3588336,-71.0578303
Mayo Clinic School of Grad Med Educ-MN,Radiation Oncology,Rochester,MN,b0c19757-6cb0-46d7-8568-5ac9876faa42,VUSM_2023.pdf,44.0220738,-92.4654229
U Texas at Austin Dell Medical School,Transitional,Austin,TX,b0c19757-6cb0-46d7-8568-5ac9876faa42,VUSM_2023.pdf,30.2711286,-97.7436995
U Michigan Hosps-Ann Arbor,Urology,Ann Arbor,MI,67a0ce38-584e-4369-8bbd-153c1356f489,VUSM_2023.pdf,42.283597,-83.7311675
Vanderbilt Univ Med Ctr-TN,Internal Medicine,Nashville,TN,0cee9e11-44a4-4f0d-bc9d-8fb246324ab9,VUSM_2023.pdf,36.1409238,-86.8016342
Vanderbilt Univ Med Ctr-TN,Medicine-Pediatrics,Nashville,TN,3cce91d2-92b4-47eb-a0db-1177b8c5d0fe,VUSM_2023.pdf,36.1409238,-86.8016342
NYP Hosp-Weill Cornell Med Ctr-NY,Pediatrics,New York,NY,9374602c-36e9-476b-9b2d-40db8e310747,VUSM_2023.pdf,40.7127281,-74.0060152
,,Aurora,,9374602c-36e9-476b-9b2d-40db8e310747,VUSM_2023.pdf,41.7571701,-88.3147539
U Colorado SOM-Denver,Obstetrics-Gynecology,,CO,b80388df-c6b6-4335-bdb6-047c03b83fd7,VUSM_2023.pdf,39.6976753,-104.9021856
Vanderbilt Univ Med Ctr-TN,Internal Medicine,Nashville,TN,2731c051-5f80-4218-afb9-163d1bcdbf00,VUSM_2023.pdf,36.1409238,-86.8016342
Hosp of the Univ of PA,Radiology-Diag/Research-4 yr,Philadelphia,PA,a1fd340f-b78b-4376-8626-3aad8ee2c02c,VUSM_2023.pdf,39.9499481,-75.1941014
U Texas at Austin Dell Medical School,Surgery-Prelim,Austin,TX,a1fd340f-b78b-4376-8626-3aad8ee2c02c,VUSM_2023.pdf,30.2711286,-97.7436995
Brigham & Womens Hosp-MA,Radiology-Diagnostic,Boston,MA,f57a3e58-badc-4c60-9482-c670ae1bdf40,VUSM_2023.pdf,42.0927053,-71.2661845
Northside Hospital Gwinnett-GA,Transitional,Lawrenceville,GA,f57a3e58-badc-4c60-9482-c670ae1bdf40,VUSM_2023.pdf,33.9630741,-84.0176751
Emory Univ SOM-GA,Medicine-Psychiatry,Atlanta,GA,11228a1a-1f79-4591-ab3f-be62b45017f9,VUSM_2023.pdf,33.7969409,-84.3237147
Vanderbilt Univ Med Ctr-TN,Surgery-Prelim,Nashville,TN,233d218a-95cd-4e18-bb65-1462b4b8238e,VUSM_2023.pdf,36.1409238,-86.8016342
Vanderbilt Univ Med Ctr-TN,Int Med/ABIM Research Path,Nashville,TN,c1f5da20-32f8-4bc9-a8a9-ec1f7eda4d62,VUSM_2023.pdf,36.1409238,-86.8016342
Northwestern McGaw/NMH/VA-IL,Orthopaedic Surgery,Chicago,IL,ba8b2d57-074f-4297-84bb-3391441e5bd3,VUSM_2023.pdf,41.8755616,-87.6244212
Vanderbilt Univ Med Ctr-TN,Emergency Medicine,Nashville,TN,31f638d1-6492-4e19-92ef-ca6bd5b7421e,VUSM_2023.pdf,36.1409238,-86.8016342
Loma Linda University-CA,Medicine-Pediatrics,Loma Linda,CA,6d7fa9af-51ef-46f8-af92-944b892c66e4,VUSM_2023.pdf,34.0514446,-117.2628176
Brigham & Womens Hosp-MA,Anesthesiology/Research,Boston,MA,500c5bc2-34ce-49a2-a844-d336f05bb29c,VUSM_2023.pdf,42.0927053,-71.2661845
Massachusetts Gen Hosp,Anesthesiology/PG 1-4,Boston,MA,8de671ec-a6a0-4523-90c3-99e1b52d10e7,VUSM_2023.pdf,42.3628605,-71.068753
Madigan Army Medical Center,Orthopaedic Surgery,Joint Base Lewis-Mcchord,WA,d30a7d2f-70a0-4ff0-83c1-ab8f8371126b,VUSM_2023.pdf,47.0308343,-122.5074136
Massachusetts Gen Hosp,Anesthesiology/PG 1-4,Boston,MA,7c015a95-eb97-4c51-ac79-387ae1fb6da3,VUSM_2023.pdf,42.3628605,-71.068753
Olive View-UCLA Med Ctr-CA,Internal Medicine,Sylmar,CA,d8af2bcf-dd08-4e85-b4c0-e06ac5ee2452,VUSM_2023.pdf,34.3265664,-118.4487311
U Michigan Hosps-Ann Arbor,Ophthalmology,Ann Arbor,MI,9486b743-a616-4d33-b8cc-5ea08a92e55f,VUSM_2023.pdf,42.283597,-83.7311675
U Michigan Hosps-Ann Arbor,Med-Prelim,Ann Arbor,MI,9486b743-a616-4d33-b8cc-5ea08a92e55f,VUSM_2023.pdf,42.283597,-83.7311675
U Michigan Hosps-Ann Arbor,Emergency Medicine,Ann Arbor,MI,db87a40c-7d4e-45e9-b448-a9a523919414,VUSM_2023.pdf,42.283597,-83.7311675
Vanderbilt Univ Med Ctr-TN,Pediatrics-Psych/Child Psychiatry,Nashville,TN,a6212b53-0f28-4465-9660-2f9f21486c6d,VUSM_2023.pdf,36.1409238,-86.8016342
Denver Health Med Ctr-CO,Emergency Medicine,Denver,CO,171a0a69-cc0c-4ed0-95c2-bd52b5514be0,VUSM_2023.pdf,39.7273281,-104.9912085
Yale-New Haven Hosp-CT,Pathology/Clinical Only,New Haven,CT,cb956677-6a8c-48c4-8ce3-8cdaea5009a3,VUSM_2023.pdf,41.3046035,-72.9355941
UPMC Medical Education-PA,Obstetrics-Gynecology,Pittsburgh,PA,bc84ece7-ec58-4ec9-bc0b-404f3f99724a,VUSM_2023.pdf,40.4223354,-79.9569709
UC San Francisco-CA,Internal Medicine,San Francisco,CA,35ba548d-17be-45c7-9e7e-f14e2091c018,VUSM_2023.pdf,37.776547,-122.3948371
U Washington Affil Hosps,Internal Medicine,Seattle,WA,bcb3e530-02ab-4647-b28c-c00c6ca455d9,VUSM_2023.pdf,47.6038321,-122.330062
Prisma Health-U of SC SOM Columbia,Plastic Surgery (Integ),Columbia,SC,c97b8e2e-3d5b-4ff7-a01b-801023ca2065,VUSM_2023.pdf,34.0257871,-81.0922258
Brown Univ/Rhode Island Hosp,Peds/Psych/Child Psych,Providence,RI,e21f8513-f485-4ecb-81c0-3e4f63bae4fe,VUSM_2023.pdf,41.8186395,-71.4088009
University of Utah Health,Family Medicine,Salt Lake City,UT,6d5bc098-d96d-4be8-bcbf-906972272b90,VUSM_2023.pdf,40.7586263,-111.8223133
Vanderbilt Univ Med Ctr-TN,Otolaryngology,Nashville,TN,c0ea90e1-fbe7-4f3b-b0c4-f61c8e8ea454,VUSM_2023.pdf,36.1409238,-86.8016342
Duke Univ Med Ctr-NC,Obstetrics-Gynecology,Durham,NC,c2974c84-b8c3-4f2e-bd35-f6bef2d207d9,VUSM_2023.pdf,35.996653,-78.9018053
UC San Francisco-CA,Anesthesiology,San Francisco,CA,7ac3ad23-43cd-4750-9d33-41c9c70e678a,VUSM_2023.pdf,37.776547,-122.3948371
Kaiser Permanente-Oakland-CA,Med-Prelim,Oakland,CA,7ac3ad23-43cd-4750-9d33-41c9c70e678a,VUSM_2023.pdf,37.8076147,-122.2666355
Baylor Coll Med-Houston-TX,General Surgery/Academic,Houston,TX,03731fd9-7ac6-47a7-802a-079cde8ed73b,VUSM_2023.pdf,29.7105439,-95.3958079
U Michigan Hosps-Ann Arbor,Anesthesiology,Ann Arbor,MI,afcbbb9c-8871-4e0d-ba06-07c455ffb12f,VUSM_2023.pdf,42.283597,-83.7311675
Vanderbilt Univ Med Ctr-TN,Radiology-Diagnostic,Nashville,TN,f47ef9df-a448-4384-84ba-fb54c4277613,VUSM_2023.pdf,36.1409238,-86.8016342
HCA Healthcare/TriStar Nashville-TN,Transitional,Nashville,TN,f47ef9df-a448-4384-84ba-fb54c4277613,VUSM_2023.pdf,36.2836706,-86.7214196
Univ of Chicago Med Ctr-IL,Emergency Medicine,Chicago,IL,82e82f48-795b-4940-9b6d-bdb94e0f6d67,VUSM_2023.pdf,41.8755616,-87.6244212
Vanderbilt Univ Med Ctr-TN,Surgery-Prelim,Nashville,TN,6df06fec-4b91-4a4c-9595-573d49713131,VUSM_2023.pdf,36.1409238,-86.8016342
Stanford Health Care-CA,Radiology-Diagnostic,Stanford,CA,6387faa6-5b00-43bd-bfe1-cce71516fa7e,VUSM_2023.pdf,37.4435963,-122.1704114
HCA Healthcare/TriStar Nashville-TN,Transitional,Nashville,TN,6387faa6-5b00-43bd-bfe1-cce71516fa7e,VUSM_2023.pdf,36.2836706,-86.7214196
Vanderbilt Univ Med Ctr-TN,Surgery-Prelim,Nashville,TN,78bc3dc4-896f-49cf-8dea-67b6e7685b12,VUSM_2023.pdf,36.1409238,-86.8016342
Baylor Coll Med-Houston-TX,Peds/Scientist Development Prog,Houston,TX,e7543be4-2a7f-47ee-a546-5e022cce622d,VUSM_2023.pdf,29.7105439,-95.3958079
U Oklahoma Medical Center,Ophthalmology,Oklahoma City,OK,4a3794fb-3674-461b-9e47-a6348398e069,VUSM_2023.pdf,35.4729886,-97.5170536
Vanderbilt Univ Med Ctr-TN,Med-Prelim,Nashville,TN,438385aa-fbae-4227-9914-db5d4709d118,VUSM_2023.pdf,36.1409238,-86.8016342
Henry Ford Hospital-MI,Ophthalmology,Detroit,MI,773a4787-e696-406c-a889-d1d8ac017b24,VUSM_2023.pdf,42.3678522,-83.0855196
Henry Ford Hospital-MI,Transitional,Detroit,MI,773a4787-e696-406c-a889-d1d8ac017b24,VUSM_2023.pdf,42.3678522,-83.0855196
UCLA Med Ctr-CA,Internal Med/ProSTAR/PSTP,Los Angeles,CA,a4cf42d1-60f9-4efb-87ad-4d81c3e817d0,VUSM_2023.pdf,34.0655633,-118.445498
Madigan Army Medical Center,Otolaryngology,Joint Base Lewis-Mcchord,WA,d07694c8-d322-487f-a22d-392056314ed1,VUSM_2023.pdf,47.0308343,-122.5074136
UC Irvine Med Ctr-CA,Radiology-Diagnostic,Orange,CA,d2c21af0-f02d-456e-90b0-e52cc2d803db,VUSM_2023.pdf,33.750631,-117.8722311
Methodist Health System Dallas-TX,Surgery-Prelim,Dallas,TX,d2c21af0-f02d-456e-90b0-e52cc2d803db,VUSM_2023.pdf,32.7762719,-96.7968559
Vanderbilt Univ Med Ctr-TN,Psychiatry/Research,Nashville,TN,3394981c-e9f8-4565-9800-d27cdb4b2c0d,VUSM_2023.pdf,36.1409238,-86.8016342
Baptist Health-AR,Transitional,North Little Rock,AR,a8cdcf0b-7ac8-4cae-9616-dbeae68d69d8,VUSM_2023.pdf,34.7840308,-92.2226393
Hosp of the Univ of PA,Medicine-Primary,Philadelphia,PA,e06beb93-ffc8-4852-b4a5-e0016e1777d8,VUSM_2023.pdf,39.9499481,-75.1941014
Vanderbilt Univ Med Ctr-TN,Anesthesiology,Nashville,TN,4c8c8318-16c3-45e8-84ad-509a02c7bfc0,VUSM_2023.pdf,36.1409238,-86.8016342
Brigham & Womens Hosp-MA,Anesthesiology,Boston,MA,e6f1e5f4-8cf7-4ec8-ab59-b7c553815921,VUSM_2023.pdf,42.0927053,-71.2661845
Stanford Health Care-CA,Internal Medicine,Stanford,CA,b43ea736-78cb-4b55-b177-56ea2686f488,VUSM_2023.pdf,37.4435963,-122.1704114
Northwestern McGaw/NMH/VA-IL,Internal Medicine,Chicago,IL,07c7b69c-8a7d-4f0f-8b64-32315a7c3239,VUSM_2023.pdf,41.8755616,-87.6244212
Mayo Clinic School of Grad Med Educ-MN,Otolaryngology,Rochester,MN,ff73826b-2011-41e2-b961-0da1e5d432bc,VUSM_2023.pdf,44.0220738,-92.4654229
U Michigan Hosps-Ann Arbor,Internal Medicine,Ann Arbor,MI,e765cacd-f947-47e1-9da1-1179f9566bab,VUSM_2023.pdf,42.283597,-83.7311675
Vanderbilt Univ Med Ctr-TN,Ophthalmology,Nashville,TN,4314c989-68b5-4dde-a8d5-d0df1125f02c,VUSM_2023.pdf,36.1409238,-86.8016342
Vanderbilt Univ Med Ctr-TN,Surg-Prelim,Nashville,TN,4314c989-68b5-4dde-a8d5-d0df1125f02c,VUSM_2023.pdf,36.1409238,-86.8016342
U Tennessee Health Sci Ctr-Memphis,Orthopaedic Surgery,Memphis,TN,fb86a669-a694-4585-8598-b9768410e8fd,VUSM_2023.pdf,35.1460249,-90.0517638
NYP Hosp-Columbia Univ Med Ctr-NY,Internal Medicine,New York,NY,64d04fe2-65ae-485e-8b3b-3fe0bf6179a9,VUSM_2023.pdf,40.7127281,-74.0060152
Duke Univ Med Ctr-NC,Anesthesiology,Durham,NC,8770058e-be51-4187-a523-1a4ee9110149,VUSM_2023.pdf,35.996653,-78.9018053
Vanderbilt Univ Med Ctr-TN,Neurological Surgery,Nashville,TN,164e1979-7079-4c87-b221-869d127668c8,VUSM_2023.pdf,36.1409238,-86.8016342
Morristown Med Ctr-NJ,Radiology-Diagnostic,Morristown,NJ,26b45889-24da-476c-b5a4-a4c11cad2450,VUSM_2023.pdf,40.789571,-74.4656846
U Washington Affil Hosps,Surgery-Prelim,Seattle,WA,26b45889-24da-476c-b5a4-a4c11cad2450,VUSM_2023.pdf,47.6038321,-122.330062
UCLA Med Ctr-CA,Internal Medicine,Los Angeles,CA,02470905-5521-4d51-90d7-b83681d610fa,VUSM_2023.pdf,34.0655633,-118.445498
Vanderbilt Univ Med Ctr-TN,Oral Maxillofacial Surgery,Nashville,TN,7e35c801-f8c4-4ede-9d42-ff7b6d5a19ca,VUSM_2023.pdf,36.1409238,-86.8016342
Duke Univ Med Ctr-NC,Interventional Radiology (Integ),Durham,NC,9241f66e-baa3-4b63-bbc2-2469681b494c,VUSM_2023.pdf,35.996653,-78.9018053
Duke Univ Med Ctr-NC,Surg-Prelim/Int Radiology,Durham,NC,9241f66e-baa3-4b63-bbc2-2469681b494c,VUSM_2023.pdf,35.996653,-78.9018053
University of Utah Health,General Surgery,Salt Lake City,UT,1a4c09f7-8384-40f9-8dda-299eaf2539fc,VUSM_2023.pdf,40.7586263,-111.8223133
Northwestern McGaw/NMH/VA-IL,Urology,Chicago,IL,0a7aa01f-4fd7-442a-97eb-95e83012ffb2,VUSM_2023.pdf,41.8755616,-87.6244212
Madigan Army Medical Center,Transitional-Military,Joint Base Lewis-Mcchord,WA,86430a45-a2eb-4590-9a71-ed3ec3449fd9,VUSM_2023.pdf,47.0308343,-122.5074136
Vanderbilt Univ Med Ctr-TN,Pediatrics,Nashville,TN,c9ef39e7-0d6a-46fb-88f5-3c0ec6392e10,VUSM_2023.pdf,36.1409238,-86.8016342
Childrens Hospital-Boston-MA,Peds/Childrens Hosp,Boston,MA,214c81ec-5175-49e2-a0fe-d86896ba9d1c,VUSM_2023.pdf,42.3588336,-71.0578303
Cincinnati Childrens Hosp Med Ctr-OH,Pediatrics,Cincinnati,OH,ccefd8e1-5a10-48c9-b2c7-305054ec84fc,VUSM_2023.pdf,39.1014537,-84.5124602
Vanderbilt Univ Med Ctr-TN,Otolaryngology/Research,Nashville,TN,80303454-c2f1-4198-9619-14669985cff5,VUSM_2023.pdf,36.1409238,-86.8016342
Stanford Health Care-CA,Radiology-Diagnostic,Stanford,CA,ebd8f695-51cf-48da-94af-0045f6357253,VUSM_2023.pdf,37.4435963,-122.1704114
HCA Healthcare/TriStar Nashville-TN,Transitional,Nashville,TN,ebd8f695-51cf-48da-94af-0045f6357253,VUSM_2023.pdf,36.2836706,-86.7214196
Stanford Health Care-CA,Urology,Stanford,CA,281c240a-0bc7-47f7-a577-070c9388ac73,VUSM_2023.pdf,37.4435963,-122.1704114